--
-- Script was generated by Devart dbForge Studio for MySQL, Version 8.0.40.0
-- Product home page: http://www.devart.com/dbforge/mysql/studio
-- Script date 18/09/2018 0:55:37
-- Server version: 5.5.5-10.1.34-MariaDB
-- Client version: 4.1
--

-- 
-- Disable foreign keys
-- 
/*!40014 SET @OLD_FOREIGN_KEY_CHECKS=@@FOREIGN_KEY_CHECKS, FOREIGN_KEY_CHECKS=0 */;

-- 
-- Set SQL mode
-- 
/*!40101 SET @OLD_SQL_MODE=@@SQL_MODE, SQL_MODE='NO_AUTO_VALUE_ON_ZERO' */;

-- 
-- Set character set the client will use to send SQL statements to the server
--
SET NAMES 'utf8';

--
-- Set default database
--
USE servicioderenta;

--
-- Drop table `detalles`
--
DROP TABLE IF EXISTS detalles;

--
-- Drop table `servicios`
--
DROP TABLE IF EXISTS servicios;

--
-- Drop table `mecanicos`
--
DROP TABLE IF EXISTS mecanicos;

--
-- Drop table `talleres`
--
DROP TABLE IF EXISTS talleres;

--
-- Drop table `administrativos`
--
DROP TABLE IF EXISTS administrativos;

--
-- Drop table `rentas`
--
DROP TABLE IF EXISTS rentas;

--
-- Drop table `agencias`
--
DROP TABLE IF EXISTS agencias;

--
-- Drop table `autos`
--
DROP TABLE IF EXISTS autos;

--
-- Drop table `clientes`
--
DROP TABLE IF EXISTS clientes;

--
-- Set default database
--
USE servicioderenta;

--
-- Create table `clientes`
--
CREATE TABLE clientes (
  codigoCliente int(11) NOT NULL AUTO_INCREMENT,
  nroContacto int(11) NOT NULL,
  ci int(11) NOT NULL,
  direccion varchar(50) NOT NULL,
  PRIMARY KEY (codigoCliente)
)
ENGINE = INNODB,
AUTO_INCREMENT = 6,
AVG_ROW_LENGTH = 5461,
CHARACTER SET latin1,
COLLATE latin1_swedish_ci;

--
-- Create table `autos`
--
CREATE TABLE autos (
  codigoAuto int(11) NOT NULL AUTO_INCREMENT,
  tipo varchar(50) NOT NULL,
  capacidad int(11) NOT NULL,
  modelo year(4) NOT NULL,
  estado varchar(50) NOT NULL,
  precio int(11) NOT NULL,
  placa int(11) NOT NULL,
  PRIMARY KEY (codigoAuto)
)
ENGINE = INNODB,
AUTO_INCREMENT = 14,
AVG_ROW_LENGTH = 4096,
CHARACTER SET latin1,
COLLATE latin1_swedish_ci;

--
-- Create index `placa` on table `autos`
--
ALTER TABLE autos
ADD UNIQUE INDEX placa (placa);

--
-- Create table `agencias`
--
CREATE TABLE agencias (
  codigoAgencia int(11) NOT NULL AUTO_INCREMENT,
  direccion varchar(50) NOT NULL,
  ciudad varchar(25) NOT NULL,
  PRIMARY KEY (codigoAgencia)
)
ENGINE = INNODB,
AUTO_INCREMENT = 3,
AVG_ROW_LENGTH = 16384,
CHARACTER SET latin1,
COLLATE latin1_swedish_ci;

--
-- Create table `rentas`
--
CREATE TABLE rentas (
  codigoRenta int(11) NOT NULL AUTO_INCREMENT,
  codigoCliente int(11) NOT NULL,
  codigoAgencia int(11) NOT NULL,
  codigoAuto int(11) NOT NULL,
  fechaInicio date NOT NULL,
  fechaFin date NOT NULL,
  PRIMARY KEY (codigoRenta)
)
ENGINE = INNODB,
AUTO_INCREMENT = 42,
AVG_ROW_LENGTH = 3276,
CHARACTER SET latin1,
COLLATE latin1_swedish_ci;

--
-- Create foreign key
--
ALTER TABLE rentas
ADD CONSTRAINT FK_rentas_codigoAgencia FOREIGN KEY (codigoAgencia)
REFERENCES agencias (codigoAgencia) ON DELETE CASCADE ON UPDATE CASCADE;

--
-- Create foreign key
--
ALTER TABLE rentas
ADD CONSTRAINT FK_rentas_codigoAuto FOREIGN KEY (codigoAuto)
REFERENCES autos (codigoAuto) ON DELETE CASCADE ON UPDATE CASCADE;

--
-- Create foreign key
--
ALTER TABLE rentas
ADD CONSTRAINT FK_rentas_codigoCliente FOREIGN KEY (codigoCliente)
REFERENCES clientes (codigoCliente) ON DELETE CASCADE ON UPDATE CASCADE;

--
-- Create table `administrativos`
--
CREATE TABLE administrativos (
  codigoAdministrativo int(11) NOT NULL AUTO_INCREMENT,
  codigoAgencia int(11) NOT NULL,
  ci int(11) NOT NULL,
  nroContacto int(11) NOT NULL,
  PRIMARY KEY (codigoAdministrativo)
)
ENGINE = INNODB,
AUTO_INCREMENT = 3,
CHARACTER SET latin1,
COLLATE latin1_swedish_ci;

--
-- Create foreign key
--
ALTER TABLE administrativos
ADD CONSTRAINT FK_administrativos_codigoAgenc FOREIGN KEY (codigoAgencia)
REFERENCES agencias (codigoAgencia) ON DELETE CASCADE ON UPDATE CASCADE;

--
-- Create table `talleres`
--
CREATE TABLE talleres (
  codigoTaller int(11) NOT NULL AUTO_INCREMENT,
  direccion varchar(50) NOT NULL,
  capacidad int(11) NOT NULL,
  PRIMARY KEY (codigoTaller)
)
ENGINE = INNODB,
AUTO_INCREMENT = 3,
AVG_ROW_LENGTH = 16384,
CHARACTER SET latin1,
COLLATE latin1_swedish_ci;

--
-- Create table `mecanicos`
--
CREATE TABLE mecanicos (
  codigoMecanico int(11) NOT NULL AUTO_INCREMENT,
  codigoTaller int(11) NOT NULL,
  ci int(11) NOT NULL,
  nroContacto int(11) NOT NULL,
  PRIMARY KEY (codigoMecanico)
)
ENGINE = INNODB,
AUTO_INCREMENT = 3,
AVG_ROW_LENGTH = 16384,
CHARACTER SET latin1,
COLLATE latin1_swedish_ci;

--
-- Create foreign key
--
ALTER TABLE mecanicos
ADD CONSTRAINT FK_mecanicos_codigoTaller FOREIGN KEY (codigoTaller)
REFERENCES talleres (codigoTaller) ON DELETE CASCADE ON UPDATE CASCADE;

--
-- Create table `servicios`
--
CREATE TABLE servicios (
  codigoServicio int(11) NOT NULL AUTO_INCREMENT,
  precio int(11) NOT NULL,
  tipo varchar(50) NOT NULL,
  PRIMARY KEY (codigoServicio)
)
ENGINE = INNODB,
AUTO_INCREMENT = 8,
AVG_ROW_LENGTH = 4096,
CHARACTER SET latin1,
COLLATE latin1_swedish_ci;

--
-- Create table `detalles`
--
CREATE TABLE detalles (
  codigoDetalle int(11) NOT NULL AUTO_INCREMENT,
  codigoServicio int(11) NOT NULL,
  codigoRenta int(11) NOT NULL,
  PRIMARY KEY (codigoDetalle)
)
ENGINE = INNODB,
AUTO_INCREMENT = 28,
AVG_ROW_LENGTH = 3276,
CHARACTER SET latin1,
COLLATE latin1_swedish_ci;

--
-- Create foreign key
--
ALTER TABLE detalles
ADD CONSTRAINT FK_detalles_codigoRenta FOREIGN KEY (codigoRenta)
REFERENCES rentas (codigoRenta) ON DELETE CASCADE ON UPDATE CASCADE;

--
-- Create foreign key
--
ALTER TABLE detalles
ADD CONSTRAINT FK_detalles_codigoServicio FOREIGN KEY (codigoServicio)
REFERENCES servicios (codigoServicio) ON DELETE CASCADE ON UPDATE CASCADE;

-- 
-- Dumping data for table clientes
--
INSERT INTO clientes VALUES
(2, 7074345, 5270093, 'Vivo aqui'),
(3, 22333, 1111, 'En algun lugar'),
(4, 3454, 11111, 'Vivo alli');

-- 
-- Dumping data for table autos
--
INSERT INTO autos VALUES
(9, 'Convertible', 2, 2018, 'No alquilado', 10, 11112),
(10, 'Smart', 1, 2018, 'no alquila', 100, 0),
(11, 'Vagoneta', 6, 2008, 'No alquilado', 100, 999),
(13, 'Camion', 6, 2003, 'Alquilado', 900, 92);

-- 
-- Dumping data for table agencias
--
INSERT INTO agencias VALUES
(2, 'Av Beijing', 'Cochabamba');

-- 
-- Dumping data for table talleres
--
INSERT INTO talleres VALUES
(1, 'Juan de la Rosa y Beijing', 20);

-- 
-- Dumping data for table servicios
--
INSERT INTO servicios VALUES
(3, 100, 'Remolque'),
(4, 500, 'GPS'),
(5, 1000, 'Seguro'),
(7, 0, 'Sin servicio');

-- 
-- Dumping data for table rentas
--
INSERT INTO rentas VALUES
(37, 2, 2, 10, '2018-04-06', '2018-04-08'),
(38, 2, 2, 13, '2018-05-05', '2018-05-07'),
(39, 2, 2, 10, '2018-06-23', '2018-06-25'),
(40, 2, 2, 10, '2018-07-07', '2018-07-09'),
(41, 2, 2, 10, '2018-06-06', '2018-06-08');

-- 
-- Dumping data for table mecanicos
--
INSERT INTO mecanicos VALUES
(2, 1, 11111, 1);

-- 
-- Dumping data for table detalles
--
INSERT INTO detalles VALUES
(21, 7, 37),
(22, 7, 38),
(25, 3, 38),
(26, 3, 40),
(27, 4, 40);

-- 
-- Dumping data for table administrativos
--
-- Table servicioderenta.administrativos does not contain any data (it is empty)

-- 
-- Restore previous SQL mode
-- 
/*!40101 SET SQL_MODE=@OLD_SQL_MODE */;

-- 
-- Enable foreign keys
-- 
/*!40014 SET FOREIGN_KEY_CHECKS = @OLD_FOREIGN_KEY_CHECKS */;